1548556271154699454.png,0,268,349,391
1548556289651339204.png,640,480,0,0
1548556310146099579.png,0,85,375,224
1548556330309158860.png,0,43,387,223
1548556350302725798.png,0,92,414,283
1548556369967022735.png,0,8,472,208
1548556389300665392.png,0,67,430,388
1548556410125876173.png,0,106,377,420
1548556429279806923.png,0,109,422,479
1548556448930899641.png,0,228,520,427
1548556469417020610.png,0,216,428,404
1548556489240197048.png,0,254,418,382
1548556507394291860.png,0,165,420,354
1548556528218523204.png,0,97,478,245
1548556547879731673.png,0,84,545,339
1548556568372283485.png,0,60,406,209
1548556588201674016.png,0,276,346,479
1548556608028449048.png,0,286,339,471
1548556628517146798.png,0,304,258,458
1548556646848134017.png,0,121,546,265
1548556664009561173.png,0,0,190,119
